0,1,2,3,4,5,6,7,8,9,10,11,12,13,14,15,16,17,18,19,20,21,22,23,24,25,26,27,28,29,30,31,32,33,34,35,36,37,38,39,40,41,42,43,44,45,46,47,48,49,50,51,52,53,54,55,56,57,58,59,60,61,62,63,64,65,66,67,68,69,70,71,72,73,74,75,76,77,78,79,80,81,82,83,84,85,86,87,88,89,90
-14.660713505314932,21.883754861543892,30.006950460457606,-23.73870725865733,14.442246448330083,-5.641207260109786,-4.253900076921736,-2.943180675348022,9.16330266964713,6.132890284534675,-2.464813256042616,-18.94862537452905,-9.66815289127533,-7.315686323802454,3.653792938123087,-2.7958487533108896,4.360663767505427,-1.984605526780097,-1.7800694133132247,6.629297481148578,-10.983215607114117,0.9748264703053997,-3.667659498447451,-1.8393559717122532,1.5706259767873072,6.449190403557004,-5.16711242614782,3.006178030192443,-2.3545460387828974,-7.903881004358233,3.6464284926030546,-3.1853995955188172,-2.7539613133687233,0.18478753586348384,-4.734420574480058,-3.6039016086950815,4.627455321353153,-2.573515626794981,0.7059269261908069,-3.3085224615091784,-0.7364807969011963,-5.373182885273912,4.150478867575627,2.339484728315286,1.1728440527905502,0.5108757119889854,5.3707309248508315,2.8708276943710604,-1.6014794003808004,-1.5346395913437332,-2.023371516301341,0.380832331633298,-2.2017960565707404,-2.5992967492777446,-2.6269192381623303,-1.3341448928956243,-0.7525613080176806,-0.7610736849503783,1.0005129089534246,1.5679523825631918,-3.20621903134004,0.07506779077264199,-0.9852577859223125,-0.4689908790633526,2.8504778438181235,4.597280959689803,0.4705690030487366,3.8475769925522787,2.5457054861033064,-3.2293189361294994,-5.676391364717242,-0.3242682168515086,1.9271736179295003,-0.4950802292626012,1.4291158351722772,-0.08273389918445777,-1.0748662478827482,-1.0880958539060919,1.8233188154205204,-2.403344565991822,2.7838419774295806,2.6708604595329737,0.14360172608131522,-1.6912452251605985,3.4061311476092997,-1.682867518254018,-1.7162266484372863,1.655048760615884,1.186147483311544,-0.29881933432095165,-0.2708256130336071
-27.22389792804955,20.15007543775496,-13.48607499720313,3.0750779077988293,-19.439055079725062,3.801388381099335,-10.564053332786335,7.569338088903721,5.660623299083168,-4.08673976916146,-0.4875041438323051,-2.9582135771079936,-2.434384812317223,0.5091927486163983,1.165652061051887,-0.7093991289025054,5.877319848802938,4.796670343707195,2.2505094630597284,-2.272907980178475,0.11446248750700605,3.9328351002319626,-2.1053741531096426,0.34962392051900393,3.0186519755243557,-0.1690071778457577,-0.6196295981691669,1.187631527655296,-1.1437129619633102,-1.106751253285828,-1.6984420948088683,-0.8716860760288927,1.2308129709588036,-1.7585827250218091,-0.4022060516104198,2.072600273410048,-1.8625792905700325,-0.8692748915594827,0.6680212249427692,1.3358042122677427,1.3692070374924206,1.6962343820899326,-0.9426969241287685,0.3595119250831366,1.3581569540422296,1.345603013198048,0.25145804900593105,2.4265488166384452,1.232432516675566,3.8412392484366533,-0.07987394502062445,2.6352952487912815,-2.294896878267783,1.3560729013580421,-0.8286214464144418,-0.05215815396830309,0.949458616284521,-3.0822947351514167,-0.10599440097548216,0.16563823691441776,-0.5410536419608278,0.6254203078367127,-1.498069484584733,-1.4122902795690764,1.3730039420356108,-0.7007272702334321,-0.9468487245799063,-1.075857681662269,-0.4541626927709219,-1.3970670098540228,-0.0010818917260806415,0.937968024016532,-0.8057281462203182,0.4717066090947022,0.20536916668445948,0.211872721006944,0.41516790921217206,-0.37397940867469204,-0.27332147524116057,0.3616851081524812,-0.6290401369260322,0.30389305605921024,-0.5221388635769263,-0.18934610395979085,0.8831994307360385,1.3667825269074458,0.10861799910970082,0.38413508853103256,-0.6719568979950807,0.4241419070841461,-0.3172002832542786
-22.555102990903958,5.9687262447050164,-10.627533567719336,-17.825136479419154,-1.244301960098861,-4.935991522334282,10.857439913207562,5.410113677784752,0.4451178688557401,4.356083820374392,-3.4326270751752506,1.8313084979171945,4.63168671086578,-1.7132900261347945,-2.4520433843397402,-0.18879749990947425,-0.3577727225866024,0.4116677491370069,5.35425897658392,-0.15553392978605776,-6.03669054651596,-3.783916956049168,-0.06367951778280556,-2.8378233897550484,3.327643764793183,-5.975838975890775,-1.9320979981301343,0.9101068479874044,0.8576839524898583,3.644889049732453,-0.34421429963235783,-1.3417990996046862,-0.4122547058952075,-2.3752630652706967,1.2126069621773028,3.1556162902637865,1.0057386472455896,2.738477567993896,-2.320598376389929,-1.8857121491440487,-4.1003652533899855,-2.675506871041618,0.5727204579478373,1.453159582895482,0.7454067145644584,0.703501044780157,3.001292389988521,1.840291124220758,-1.0061457052772316,0.6282037527619284,1.0242424664494034,-0.34062129349764875,0.7615354719035075,-0.36430226711096764,-0.5374064220582406,-0.4404286820539325,-0.6830983997688297,1.21237909756067,-0.32079738509767375,-0.12807077137171358,-1.4995306770709675,-0.9969594216520754,-2.141066057754889,0.9041317949807095,0.4567645046928871,0.19087566712773998,-1.5032993681888958,1.658454756126679,0.2221536080075167,-1.3822621107971012,0.5188186477155069,0.4054647158576242,-0.8058916023121093,-0.6126546905217378,0.2789577808232493,-1.528722839155997,-2.9867697348335365,0.18115963699364823,0.7041050166663088,-0.7713757978427477,-1.0707418745019814,3.5916722492255504,0.41487964678805905,1.072101453880544,-0.7494305836198618,0.22242494561792764,-0.9904736402525447,-0.32590666062336926,0.17112168143711814,0.40902625082456257,0.9798975946350265
-26.613145120165314,-7.9211447455145665,-13.95103097810681,-5.383649664459032,-8.277025385162691,8.185532235934632,6.573254512991804,4.439832845482282,-3.744146686477219,-1.6562406254003894,-2.6838327402888904,9.071303956417559,-5.39187605836416,0.22478725747211026,-4.464441697224716,0.6799131328407056,-3.923860023906523,0.6920692181819637,3.428533628150773,3.364559457089727,0.1836955674838585,-0.525668756069255,-1.1446704811064587,4.0504718580397245,-4.97955181997636,-0.9290457186356869,-3.5233349324593624,0.9107487987776806,-3.989176589831471,0.1848095712122425,-1.1805448192547991,-3.143349680004916,1.3102324372026506,-1.0020606953177598,1.9042734238099936,1.7581380345275037,1.5035764400638651,0.2825762112348251,1.4609383381735053,-0.23102235807368465,-3.229657189198453,-3.0131236737358247,0.13188519816224623,-2.0453192236955933,-3.90762736491348,0.4703530338500965,-0.1062971146798467,2.2318613049932243,-0.6438429986580327,-0.7116826010247738,1.6672200487713957,3.189663663109753,-0.9199372392884471,-0.591252050071192,-1.187085248418895,2.1238273114426898,3.780354660565748,0.8012178932380122,0.9349800278708982,-0.3750083252579474,-1.4416137509406481,1.4371971904389333,-0.2079595413017309,-2.1247794488853016,0.6964269362773927,-1.0454861315730974,1.5181995115334368,3.4933798393623334,-1.7091550364358294,-0.7982244395246044,-1.2977590896956654,1.104536127141343,0.8370645444898759,0.42300871218730474,-0.9781426713583027,2.7924654819885744,-1.6900576468712525,1.8025300847930135,3.6203154693691233,0.21617852010307542,-0.7950094174091257,-0.061114009975046374,1.3972179622805616,-0.7854395982422493,1.3236096663565073,2.087560496537599,-1.2631424836332825,1.2606025422544758,0.42411523653060695,-1.245597872745739,-0.9366076514904276
-24.942456428371703,5.04074908097781,3.8638414751984045,0.3369837430157227,-4.366025150663681,-13.498001735940298,1.3504546714289556,1.5933747881110716,-6.997343917165398,0.6073946027487265,-2.9176295024960064,6.440144306235882,6.628635199519493,14.376242289376785,4.0305775028022,-0.7985254955730506,1.3050575368862245,4.655337211703431,-2.5360848372747595,3.912750316705258,-0.3494780274193724,-1.230649845732493,-4.642023314049958,0.21217298279845775,3.75331253715344,-1.2362129713732077,4.916529383555018,5.095625348482551,0.30267378628935054,3.849411957355805,5.752273305487549,6.04553176636767,-1.89608521086579,3.896317233545294,1.6617556549300814,-1.8902022862426415,3.168511587217824,-4.697835312550136,2.379289039233077,-0.45711804255542676,-1.685848673624695,1.6807443980763452,2.1789497516133496,1.63774285982506,2.1459716163030276,-4.937551453163903,-1.2089363367321644,-1.1546473297030362,-2.4548309027077555,0.9635210261892407,-0.585844755089937,-0.9776965932682636,-5.053123771823328,-1.882226146196847,4.127640998242702,-2.2010759640203608,1.5429435768257003,0.7567131168918726,-0.9447599708554117,-1.0475092584281307,-5.226263999386826,2.442386780920619,0.5909275435705931,4.4536945427943255,-6.41552541557443,4.045219323579395,2.3269673236182067,-1.7745913298668168,-2.1781981845444105,-1.7901879650929275,-2.055236588195841,-2.2959401861419773,-0.7877483057908526,-2.5768135185392262,2.3952550765185583,-7.426559367233896,-3.3909854336475416,-0.6435487739547191,-0.26293551022727796,6.21523292874413,5.084775752541734,-0.035754677782418864,4.589732426522455,1.5614069798354602,1.5136882695652396,-4.527655100361871,-1.6355349101371657,0.38987490528576063,2.3701558279396973,-0.2332537207292562,4.370882797885088
33.51709275525003,-2.6686631690893763,22.320974336066733,8.249841895101484,-6.0924706224680625,-10.095459641071512,-13.214023957230626,-10.524757959203319,4.560604941270141,0.2706434229007085,-4.825782613504573,-2.6497672273281423,8.333378547167595,13.30468771410812,-0.8411306273806765,5.138712468476307,2.647931358958101,1.7425480347077695,6.89860046684299,-0.7717704372240518,5.522040448543688,-3.8015783662049847,-2.3136219781785474,0.9595931777146042,4.30693732784935,-3.2072229516783946,-5.4081709842270325,2.645553137239235,2.457696595729951,4.036362100897415,1.6050022078950479,3.1819065822819055,2.1601508587169422,-0.9598180264839276,1.2430919841264185,0.48245480074645475,3.5872256177546875,-1.741198501191827,-1.569064738331913,3.089396096320325,-1.782127745530603,-2.2650856015418745,-0.6542113395091624,-0.9523979230721276,0.12474824766993106,-0.2802933030856013,3.1907919522874266,-0.5087886662257712,0.19545266651955767,-2.109931793113052,-0.24973128822032198,0.7721319683471728,-1.1517353120975846,-1.976948988214052,3.6433210480744744,-2.5501791051548053,2.328548998739034,0.09801054043638124,0.22877043437158653,-0.13842667788583962,-4.207965822524167,1.136177314479595,-1.2088059558815583,2.020585124754799,-1.0913343822410209,-0.8576806487655672,0.9178565610463814,-1.505918826983596,-2.573794173942487,0.5183740893050255,-1.7686962927337064,-2.603380456934085,-0.68899796100118,-3.9338381024494593,0.9298652820794528,0.13885590745831877,-0.5290852585041508,-0.8476918810370301,1.071179855278295,3.345329024295041,1.347539650631191,1.6355646963563004,3.867326995859866,0.8289888387951116,-0.3514389342678618,-2.2027478608760265,-1.6688156539869325,0.8099633450548008,1.1757559930673303,-0.8101641208020429,3.2282711920517193
26.225579380947135,2.4924493386077398,-1.9860632463379213,-4.8628915718436,5.377049782011542,-9.100609158512315,-18.77131969145817,9.360196919150308,-0.3244054150779272,-3.4909122434771334,6.479949300758525,-1.6093652889036871,3.917596766536072,1.1027539778161308,1.8462454240208581,1.5655374280257683,-2.1964851459545294,-2.2870462561689653,0.9471672712135879,-3.3878446879479815,4.61628924436645,1.0413782896494,-3.3975725852277914,-1.2150339374678485,-1.292324331236549,-1.7373534599142029,1.0630333126914737,4.7153648412330025,3.465390306543672,0.5573628351947453,5.515547128092857,0.7128934126879696,-4.732217001614613,1.5180259867550285,-0.5709957027015758,-0.3080033626636922,-2.2317378508312973,1.329130493149366,-1.8108462078580043,2.0455417352982677,0.2649114003101176,0.48388798930803223,-0.37342080938916233,-1.9950486889445749,-0.4455285622189614,1.8980054473720314,-2.6174473408706143,-0.002632461298948785,-1.3542762834757274,-1.759778805743542,0.11045464902816307,-0.4901366873047066,1.2990995885392544,1.9302590993875435,-1.365055225070608,2.6155416729762964,-1.4831125897421507,0.28329247189171236,1.1234653913006845,-3.4491958475441304,0.3952316671332638,-0.9172933584654925,1.5096563253320483,0.8281966217214669,-0.13433930741877154,-1.330614385122508,-1.8131484343344568,-1.9650759481007785,0.40286810834342884,-0.465439131837565,-0.7745088825448776,0.3875208791856905,0.13265289416009696,-1.0045173591685925,-0.42278804283652965,-0.798435990182668,0.2009325803283536,-1.1364346249589403,-0.5544086012201079,0.6829669440867394,-0.35118373941846776,2.5100973729132283,0.2613249889106023,2.2488510519272826,-0.2924076168640028,0.09425087192445927,0.18019347486707935,0.007029465834421614,0.03925828693584499,-0.004345544461564987,1.136579579367698
29.99797560640555,-14.78564886736443,15.233079193950141,15.615976808457134,-9.758163907117925,6.3578157431162685,-13.068156186164224,-6.464432490698178,0.7221365877015442,4.1120004448666805,-5.511670237700046,-9.828830841925859,-3.1080683809295846,0.25266477651815,2.51320535728723,2.0940271378577906,-0.9554222706706519,1.208171665630991,8.431543274520171,-6.810981227567677,7.6949719253086135,-2.023452125346791,-0.464973195448392,1.0814536093805884,-0.20048235342883464,0.6859990661490233,-0.16512099104741151,3.505826523700882,4.00479900034704,-0.14745839609002498,-1.389623001095627,0.8979634369731362,3.012088840579531,-1.103845534432216,1.16267611556223,1.9583189748265124,1.7053100293360568,0.34997466670637695,-0.7326788347542146,3.7090556356639874,-1.891247105683063,-0.37983337874265766,-2.169581237501549,-2.302502809238942,-2.887745664348266,-0.7823142754164242,1.9246410606778819,-2.1955152287802906,1.2896010208821944,-2.375887322048809,-0.21902910100444517,0.9965938089494303,1.3141678424897527,0.3413359136611482,-0.12784599009692166,-4.058921381745969,0.28966784627019126,-2.1462664325384817,0.12541794387067828,1.4656123896985906,-2.2427597614300327,-0.615859770849787,-1.4974106403103404,2.468005558155156,-0.9759818968180829,-1.837396175653063,-0.9342689566376636,1.9313099699643967,-1.1369890228775263,-0.025413287568709197,-1.5276574623269557,0.5593960163047641,-0.5015792200193132,-1.5620432134630802,-0.17121470203347547,1.921811243459055,-2.0297844941835326,-1.582482352766253,-1.8693742437125478,-1.0442384876759734,-1.1364811980435514,1.017880191209451,1.0448681602215526,-2.414321422176121,0.4563378552917039,0.9229502815217565,-0.14167795480582657,-0.4189112005348611,0.01782483953296788,-0.9319259657594056,-0.2845380401713386
-20.223796293778292,-15.80593259973869,-3.5492788535770448,2.37027651631768,-9.448418466213907,11.943452009955354,8.79925950235811,-3.933140276918942,-0.20868341769923016,3.037206920563177,-9.59916113797999,2.292593302277897,-15.583684628450595,3.447752386932673,1.8799006541969383,-8.078592191202258,-1.3151514757598533,-2.85173770138595,2.3658789317158218,-5.939454444389763,-1.6203702450411537,1.933629996874504,6.750656170515275,1.208745805827132,2.599666026514468,-1.0251450054511353,-2.0216682659475156,-0.5188533668849249,-1.6549448176018302,-0.21630444956073847,3.2920906997514923,-3.253640823648837,-6.124246220702051,5.723306879330741,2.6800721684848927,-2.3066087053626276,0.3141156279644073,-2.039335527936286,2.3361509111625067,0.6600879040480092,0.7622885740034087,-4.606634683978509,0.12077917021439777,2.2365866624392345,-2.1585090016667485,0.00756256613678577,-0.7563916814644234,-0.4484752246752953,-1.7695169749045687,-1.510639989008411,-0.7707792616968723,0.9798645574567088,5.297154713387119,-0.3988792563771369,-0.24572894839675938,2.4566006952388366,0.14700452163423097,-1.9710923774545484,-0.5142859471796615,-0.2011782449295646,0.666742029944676,-0.27281675633450264,-0.03504527779983224,1.3906573714240367,-4.710052812685451,0.2705172678698,-1.5190837701665174,-2.122439637171744,-1.1095813193904243,-0.09049485484557643,-0.4028027648638127,-1.1419649272877803,-0.5633522106828938,1.656868524701089,-2.2933003683681643,-0.8989362525852633,-0.6008795315314234,-0.10615019771466017,-1.2321392164839453,-0.8198534325069416,-0.9761110502213967,1.5968439692719234,0.19159024126405394,1.3457074516315826,-0.7245331660072025,-3.031373011232213,-0.08619237346366428,-0.7753999240983642,1.2965412834404106,0.9558831071485511,-1.6431828377185158
-18.477455767165896,-4.667472429107642,-9.321782629318852,-11.013059426559547,-7.9792229009346585,3.628924172472402,-8.059982549208666,5.230845582388852,-3.1826368257835043,-4.430225247572963,-1.2802594563257614,2.044716743691097,-1.970482841177424,-2.1128375389335416,-0.6965496377118789,1.0795323154358547,1.011652372748929,2.66996399307318,-1.6412458990570231,-3.7429859007625623,-4.920813793058733,-2.498943722742072,0.7691702467129446,-3.5022583898145183,0.9210646263801259,2.180932087594169,-0.9686143321412931,0.8071900864375425,-1.1283246943858762,4.508425770158106,2.5077538967108515,-0.2525573090131471,-3.1739554700180226,-2.9822908521466167,-0.32244392721947907,-0.416150009604455,1.8056986964505841,1.5142519945371682,-2.940526627109209,2.0932166165289567,-2.0290170739076365,1.1452345171116465,-0.6831000652178316,0.8413893014058981,2.463841705682923,3.064521675496887,0.25160606750900816,1.1927906541786395,-1.1027527606599905,-1.8202183889500894,0.5800977386428701,-1.8295179262819916,0.4853289742947061,1.8818147616438377,2.318688287889289,0.18986419620489237,-0.4250748731136419,-1.3590781346345575,-0.12505487282405686,-1.8998646310488985,-1.127005014793987,1.5151794069293778,-1.9036570611195174,-0.37371262348313017,-0.4621608006676488,-0.5911041785706999,-0.18559197076460965,-0.6309064236542765,-0.17905557393556315,-1.1191933886946333,1.0277373244253905,0.44763833510444323,0.46289718478999703,-0.7410552825526247,-0.6343728186052144,-0.6735745381170897,-1.4103313106520008,-0.42867371403719917,-0.6527004875416471,-1.8737796064977355,-0.47733196022543645,-0.15647831888093383,-1.0959229966135933,-0.5059154808735189,0.17075902079588284,0.22520778791380375,-2.130548012152083,-1.9117741239657395,-1.7246793269170066,0.16153462850054712,-1.3381309988870458
-20.23076735477826,29.84554760075269,6.38282288017812,-4.271176899345368,-11.53034768347427,-9.275190923645292,22.719323064643557,-6.722586519268187,-2.7722579636292597,4.60811483984852,-3.5721236275670205,-1.234451097610887,-4.307052745901608,-1.3862729067385504,-6.758777300640827,5.05428657550178,-0.9660439332190636,5.688623864389503,2.7236291599921767,9.352417854576688,-4.631898954876875,-4.91932488917154,-2.237289344841346,1.8662945597014677,-6.8390582153718285,-2.6851994320623795,-3.8069786527195077,9.407204428810047,-3.20938372322235,-1.207286648952167,1.731857651667833,-1.6776623210475887,-0.8233036219488297,2.394974801142454,6.1972291649379,1.0917752651501726,-4.058488138247003,-4.52297272139488,-5.303625356980524,-6.09079285898831,-3.758171199931359,1.2875222647283426,2.9995217917099466,-2.6148960405568054,-4.8878799939345825,1.071528330498865,0.4428251132771276,-0.9752116352517441,0.049850616084827326,1.326369231010822,0.213560140320151,-4.636096877252602,0.11832326793396852,0.18800360936636568,-2.592033260131455,0.11802576969949531,1.619559061898612,-1.3394923335693054,-4.920943833282647,1.3096397457649285,0.8526202939923182,-1.1383069514078823,4.904489133062933,-1.7592629627433918,0.10421981631323196,2.3896336594643555,1.0802463012307177,0.8216207473705166,-2.353529493527131,-4.166478424747429,-0.48781494631471783,1.8753318132765096,0.3009420494036311,-1.4684681412214302,-0.2548487934106443,1.1675696382838703,-0.31675057197479484,0.3396465823147725,1.4630808336560617,-0.30519185246484476,-0.15753662952432224,0.6845751717335222,1.3616160123886156,0.312508768649558,-2.0010033383006474,-1.9900579216554486,0.6243789792903784,1.302204061437593,2.3629425797338066,-0.1757068574983277,1.1691710504244792
31.06371996887711,-3.1799081149701505,-1.8381673738899522,9.677064725041129,-8.879229588408135,-4.685522028052139,-13.739736886477733,4.990964331117351,-5.133479292249431,-4.704057887740987,-1.5873425451580767,3.0801914317020365,-3.1980234071650133,1.5549469220740204,0.6914564173938518,-5.134307360873274,4.388151833838174,0.7837822076891898,2.8059760198410246,3.8150315953182425,-2.4173717959734318,-3.5938690129333253,3.1675760671969755,-3.099033004168795,2.2527783374888832,-2.4519542207917744,-1.8833001055012086,-4.28133712541932,0.18604077550390907,0.027627243476614466,-0.3451326148237977,0.3973325348140651,-0.23055024898980397,-0.15296885982535263,0.9056718048445449,-3.2507997784182288,2.419134179334161,-3.640684728847419,-0.9535054175540061,-1.5060080968574359,-0.3357416537920285,-1.5321560988712462,0.9635602152280378,4.6784904184233405,0.6919415189826237,-0.2843926748824972,-1.2720157111272388,-1.3671900268400219,0.5677109967509926,1.7741420831428485,-2.7420771309293777,-2.0077470533169652,-2.629261295964269,-0.22572582401320482,-0.5477663781896968,0.5030887230371865,1.5240564313822456,-0.23969041655360096,1.0022613808998833,1.1539002331773174,-0.692521167086327,-0.6238686402964658,0.856296970258674,-1.7683659169604258,1.3457575232137695,-0.4764640127307114,0.6201919657656039,0.17006643986481618,-0.024352358553323905,0.5438842373913008,0.6985491998216805,0.5777369608114853,0.09114723302123692,-0.6708977636970035,-0.25131726402352844,-0.269647224029466,-0.6499794472828506,0.6025523420576688,-0.08507873927596901,0.11488539432117956,-0.1096770402844695,0.09417205875176929,0.504844315789668,1.8435601758974087,-1.1266700252043709,-1.1760172307164316,0.6448660066018634,-0.12398920446226991,-0.05472262441201947,-1.3419960339380195,-0.9780659086072858
-31.241679738398453,21.808710312754854,-24.476896811697195,-4.278989541743058,-1.3003799239471352,1.966837448260723,20.583790695432754,2.1024193302242877,23.221821939019858,0.7012086950227221,-0.2497450476832966,-3.228794712079627,-9.140478907031936,3.5417986577981257,2.788029370165182,0.8501498544566823,-10.233439968355851,15.941223369467897,12.249351142982249,0.25550343506572637,1.3685933953764307,-9.207985697552337,0.8277386490885122,7.138313699080481,2.6226282705110022,0.3795947707801779,6.295609057625385,-3.9114694358858166,-0.25718400718492174,2.860192307401831,2.2872104078806643,-5.669171181620498,-3.130719948050479,9.987340603657605,-5.235425482409367,1.1099192798362087,8.683324117556419,-4.073609383905303,-5.505005440419223,0.43229665736274914,-3.469932644489626,-2.5007858332193393,5.83534954151616,-0.40002781813194077,-3.6839874515980204,2.927893482928092,-0.461888933718722,1.7431942567498262,1.8087875202856774,-1.5778608054208367,4.520767937774499,-4.8813391024423884,-0.712450724680022,1.877199803719405,3.042022327858445,-1.3929033550505925,1.7770302317458089,2.25265558544878,-2.542768914429839,-1.3623867777277459,-2.246516251377134,0.1865868527744999,1.5219726927410397,-0.3188518699506828,4.547816377094035,-2.6679367787206516,-0.6218852324533701,-1.5702779756515688,3.537681991435057,0.7835213821568052,-0.08044066188043386,2.1398280860383765,0.8608799028162191,-6.011545622328719,-0.0008663129605488429,-4.24640872295175,0.927886642349157,-0.795374078926137,-2.199979736839766,0.9818070004154039,-4.802920992370054,-0.13911637966548318,-2.8087215765170006,-0.02155379953919906,0.09824359578906694,-1.8822080836703283,0.18929929912354543,-1.0566414685303678,-1.840064477333387,0.9100125015558778,-2.201231664216614
-24.897761960307943,-6.354859144407211,-10.25486203762363,-8.656744127969858,1.9917103861106207,5.375282861240129,-10.373335190156896,14.134810733244686,4.957438499340967,0.10973962144265242,4.87021003772321,-1.9170445266694547,-1.4551091977537731,1.1963711266134778,-5.420961299420733,2.3133845839645133,0.22138468420606588,2.2756204193377707,-3.7158103473879653,-1.6797904472120289,2.054977900157378,-0.09377593359129316,-7.639746961026529,-1.8510486207218275,-4.426292680562967,3.0405252822512776,-1.2651260605241192,4.520711673655809,1.6598116665722307,1.9738232306432664,-2.552949450394306,0.049747321812832535,-1.0136242990030562,-4.131018577904884,-0.8445237844621822,2.201491218692688,2.1371426401568927,-0.7242368020983028,1.4380193686828615,2.385449865894073,-0.7395297673322133,2.9872468291537118,2.29139426601357,-3.7662592165988498,1.1345204191730733,-0.8840471194711563,-0.4183731924456504,0.8706129537580164,-1.4149139765891683,-0.9526735894453493,3.0850197565755995,-1.4485992448242346,-0.32837236349085375,1.098403228216783,1.338013257324728,2.395301189613666,-1.3806561292417876,-1.3811373096428359,0.818438095476019,-0.35989993595835007,1.59529263171669,0.42321881829126495,-2.1020659039919694,-2.294032389918763,-0.1081187015051416,-0.4741921829028401,0.4547949401618803,-1.009971521420582,-0.23514004620623918,2.145549092505981,0.7623482741864138,1.5270020776359212,0.7218872671847517,-1.3036868959361247,-1.4516485242480086,-0.5345921498792521,-0.9672135651689965,-0.8641047235545462,-2.500241581372097,0.6992914210907192,-1.5210378432800749,1.9261317158583775,1.445503084005284,1.0860295694553903,1.7343551178681238,-1.0271825190974533,1.1119334369567049,1.1901502569863496,-0.3183134476154702,-0.33965453724893246,0.612068904133684
-22.137872899911997,-1.0955415942914333,-5.0593198625657685,4.87959974348381,-19.07040225735758,6.647518458665878,-1.2137745854211124,14.35986780749408,-3.626820507436575,8.828026876506248,-7.855384684260656,-14.245758797377182,5.79935782795156,3.459247090850254,-2.1042876951907092,3.716855104935996,1.2497723570162254,0.6455312217312227,4.841315547479211,-6.053861614968471,-5.799051134173055,6.50321383868883,-3.085972155742759,2.6732344403851735,0.8423863701118989,-3.1369629273337947,-0.3844051075403919,1.505965764185786,-4.946271926371476,-0.6827605297477835,0.8594081405075691,-0.28853943854200437,2.4682733783329636,4.755571939888136,0.507261733267609,3.273346734160148,-2.648218307889947,-1.8902830488285265,1.6586244039606037,3.7566997181221593,6.844878591985774,-5.813364965069676,0.42620564177345055,3.4199263076503197,1.2724781608013307,-0.30707904273179243,-0.5043710080511268,1.0986924043739301,-1.0028831240687925,2.4964508446589613,-0.44536250557109985,-0.04836564880849474,1.7547172982376824,2.2448541486548583,-0.012194523146099256,0.2786866256959646,0.8804944485208916,-1.1206410806872389,0.9341211602574749,-0.26258929879055015,0.5236733292648383,2.96650786285566,1.474788888741883,-0.09151669773024981,3.525399638524329,-0.5720777067640299,-2.6042665051593104,-3.9744402857025602,-2.111785990282201,-1.2293234374680688,-2.1604101380091008,2.2902402451400588,0.3604940473751529,-0.06655844182206638,-0.9149469020685618,-3.2761926232560206,-0.9669121603660211,-1.3418988529301088,1.7565202472836747,-2.4743731280957433,-2.1952909209550517,-0.900245642953364,-0.15251205422191794,1.8158745651974537,0.9035452046345247,2.267152487344118,0.39921450497994726,0.8633787121094807,-3.0994117543974498,0.6550869636656291,0.9027597815474606
27.361109255345234,-11.939588305137764,0.8240026268185635,9.447882880524825,-12.843740596481592,-7.908959351937651,-8.941050953307233,3.6349267115098094,-6.245437754356594,-6.370433671815777,-3.783767466498215,0.22547057846015695,-2.0736723928465466,2.571540303352548,-6.376700932823778,-3.6730927855509123,7.392541885949245,1.7739537724177712,2.3316183546246787,1.0937474080907068,1.057816996767803,-2.273971082748731,2.9531733094594124,4.29546069946645,4.65999682270683,1.6211345865183882,-0.8419657158011273,1.935283786985752,0.23011605326631795,-0.33192051448951754,-0.2475341567853358,-1.8580839316237776,-0.3504130536408513,-0.7603094215382031,0.8344059971732434,0.6056950797041758,1.0605661503094272,0.30588052426955825,-0.9548977692427506,2.0877058816615484,-0.5961145714484635,-1.0489388013634973,0.5004243817907996,1.0907174374832866,-1.0401170562454034,-1.1010018234158592,1.8401147378140095,-0.2412458326125676,-0.17169450031042022,-1.1403125840931023,-3.6213575470237744,-0.021340325331693444,-1.5428384346786068,2.7140770193079615,0.5592917706069238,1.2680802444687647,-0.5973900727334012,0.3017292120079649,0.6077690107757631,0.45201617730553034,0.12917411094183862,0.459645584411948,-1.1343418098601834,0.4791286847433168,1.1191501388002065,-0.7586713370134837,1.8126144712526493,-0.813255912345289,-0.5485752518849627,-2.6285375883232778,0.2032918285489492,-0.41941846049019355,-0.4536548649849653,-1.3417796957437576,-0.4777369152219774,-0.7352461396642054,-0.4206501725429185,-0.7561919465225571,-1.162108051319175,-0.6544775279618293,0.04160813410458786,-0.4548363315270152,-0.3767572651400435,-0.3930743662237219,-0.09115347532275697,-0.7378985492428439,-0.3743309368896465,-0.17642088411427892,0.4203199253367271,-0.4571226242396289,-1.265026839596373
20.40051397746426,-8.544911153729979,-11.651979868302965,-11.024739659498907,13.1386026979443,-3.4014263557733204,-5.300111432475989,2.321813029429072,5.874073953839836,-11.33966644200883,9.392433869134164,2.689577077828102,-2.5670072311081293,1.144716039222863,-3.917815602123776,0.2121622600820653,-1.6137910060383303,-5.04288123064848,-1.4050094756424563,0.007957468873491719,-2.379805673835631,3.361402968596917,-2.4621273636283503,3.2154925375137324,-1.8395368313767528,1.5078009625343824,0.3734513653912783,2.5802544250625745,-0.7566685274654266,-0.6309322319731397,0.2165826181063292,0.3816962165126662,-0.9442352209810146,0.16372815151834286,-0.5469942528013784,0.6933342109699181,-1.7662724545096613,0.9196309723513797,-1.3614135283396946,-0.7568551532497626,-1.5156646095654238,0.530134552988084,-0.9150552699143882,-0.8447834206431057,0.774727947437476,-0.4555018922154276,-0.42564765023737794,-1.9446375523793642,3.0128762857583475,-1.7030404801768244,1.0630949219082408,-1.9878072301453256,-1.7339092030840166,-1.0453731525629133,-1.4491559600261488,-0.28010149672296014,-0.5997085865614649,3.14884716715261,1.7563815649311563,-0.05234131124957864,2.679430682738671,-0.5343939347586792,-1.3974665752703141,0.2207660642575279,1.1951769986405214,3.171983479653559,-0.36117304369846975,-0.27032822965268827,-1.358200394962679,-0.2650396131731364,0.5792840947926889,0.6808976576734258,-0.22404384706394362,0.12307183989402379,0.4962733397578323,-0.8003529514020362,-0.3859577542861306,-2.00358420593436,-2.8731823902923894,-0.5784575828123212,0.25738619866220314,2.8474332218131484,-0.31381016689494,-0.9987393057546627,0.897329048281732,-0.06192729341795822,2.383706795468974,0.4089775794854086,0.6490563245893195,0.19494095089211894,0.920441755231601
28.396149978189815,-7.563320807045288,-25.966250880765916,20.12987137959632,-11.81849780217074,14.969602481764916,12.72681813187448,2.6656136368690637,7.934623853852388,1.9254562724293738,0.743354516378846,-10.662557301758593,3.508374110076324,-10.827688897791862,-9.88763166703954,2.9554937748481915,-2.811645436902035,-2.5954925930765875,-1.6989314708701637,2.6825558018315196,-6.125324432234946,6.15436172602591,3.5049140978109934,2.340279504470881,1.1081800555212569,1.8951287443979872,2.064967679242457,1.809568657282572,4.136452538553201,-0.8089792458500935,-0.3730470996507046,3.3377944254104914,-2.206123808061962,4.610809311015953,-2.78053535167069,-3.4368647278232394,-2.6106367882888106,2.214255513175672,3.3098510147986264,-2.039173309892184,1.1365100335116045,1.6776543097510395,-0.13792069157471015,-0.10095212404733866,0.16741642178725746,0.058877046126694976,-1.3095663271987954,4.6328857182022345,-0.6905956087356206,1.1487061292483323,-1.5039765406414893,-0.21836814793603176,0.6648275098059948,-4.235168774056861,1.900300502168991,1.6164256573227809,2.654111202181637,-1.6582578165124826,1.7881310688879093,4.245912792832552,-1.066562965477678,-0.9738808242235617,-0.019412901551305817,1.0176252366380318,0.5210653507470232,2.303413126075624,-1.5280946384861047,1.5411232711083738,0.17384119785988972,1.8439015191683645,-0.8808849750670273,3.9065841777253634,1.4343157522330217,0.6120421579410582,-0.14601206348766044,-0.5548269015932619,-0.5084414000393906,2.5348456066999456,-2.9547399615268017,-0.24349431265527718,0.9387693243229356,-0.9321394697716575,1.393191958980275,0.6972534594847195,0.1271327072180567,0.01772036891205364,-0.735152667613503,0.9361129518272487,1.5544565179744405,0.023876131994964522,0.757161752800539
-37.18105196914702,-12.955701488733123,-5.399931318053745,16.053758306620797,4.102638813371525,5.058454410753927,5.664157466043282,7.0163997649813385,-0.06815705198276056,5.234477973143694,-4.3713266247348415,-0.7736719767222136,-9.197875747239,3.3209522491134815,5.507834219600916,-5.413191071767718,0.6748908145912962,-2.584804034639742,-1.8668483939287457,-1.5294969916094696,4.416790452926739,-1.4361511168278316,2.9438978332534935,-0.5198765439631166,-2.7215236883792335,2.5391556758255236,1.1601803786048583,-1.9666175123998866,-1.8308694961965568,-2.1090069732366783,1.7329351428803283,-0.607309403528341,0.2928638696390715,4.513304897048702,-2.1875172119828337,-1.7743072329371308,2.5253237503088837,-0.05402535048491926,3.0820942474514625,0.2973819839761505,-1.669545021696146,0.415986835018859,-4.603956666610255,-0.7899632046418211,-1.440500403148568,0.03049640875444304,-0.4752064786794578,-1.3577780198851153,1.313759537117015,-1.5563373800867035,-0.6495229634208678,3.268268114324902,2.2550886986661247,-0.48639905960215885,-0.20063238429416566,3.446189646638725,-0.7279867590483017,-1.5344579655618815,0.8070801197601443,0.856293805359644,1.2695524615851679,2.376527984814688,-1.2770843867165027,-0.576454831328804,-3.6422155362378676,-1.6481778418793844,-1.5205363741822957,-1.2605016624274255,0.46508460372636456,-0.5712489773593818,-1.2219081364874687,-1.2975534182641362,1.0416516297125695,-1.7017630611552774,-2.7174156274393986,-1.9387945278809833,0.811328107056348,-0.4193598156983014,1.8858656364545932,-0.15905183941708045,-1.1542599285559794,-1.569427638635205,0.153373033112104,0.5274657389197126,-0.7543650102725036,-1.38964481540684,0.10500490688360295,-1.5253135997686535,-1.7644593142397862,-0.3474963291612384,1.7083529724071398
-25.275049535139892,-9.441373068238214,-14.313907919215364,-9.349872116243244,3.4699517031712555,10.268396002195667,4.177829754183238,7.301537049145952,5.469051913579998,3.0348281616556694,-1.4699747254412907,2.4466142247406673,5.333870810071715,14.10444668072473,8.817833464756408,9.20073635803873,-11.80066158587298,-1.5254429934439409,4.898347899453381,6.2679062384102195,-2.405977106806524,3.3527861201455464,-2.1854912965566635,-8.39495961446801,5.4511992581883515,2.291300735753244,-2.295824466400402,3.7122255298226703,-3.972921670470433,-4.223073732559197,-1.323277163924994,-4.157463940774036,2.8759805632128517,3.385144119601276,11.397043582162546,-4.711715686369351,13.644697397771793,8.211317740989335,5.570234512673741,-4.469346586928332,9.747190499826322,4.401444752367359,9.169132730676912,-2.211829274083594,5.1459486826166145,6.566650057452935,-4.095785991542151,-3.306949265901275,5.933987235684381,-3.22138842817063,-0.24081439311115171,0.6625205494960565,1.9326844548759305,0.3000521937800675,-2.9770260911938533,-2.819308027556869,-4.818829205678879,-3.978112709950339,-0.9173308400607791,2.1438569659179767,-0.3215047232761341,-0.8399908313648368,-1.1477926501455133,0.9685022202586954,2.7450754031224993,-2.353385556272553,-0.8839951993614525,-2.3328472858720537,-1.6474732559894683,-4.197017868303009,-3.311945960178809,3.3387598212702767,1.1931847650169138,-0.6651350723444828,0.04583548178674124,-1.3623391734780657,-0.6279172023796664,-0.6989370902692199,0.49593949727264364,1.6446793612014714,-1.3235930673490348,-0.28164031260821565,-0.008028449916953617,0.19545628190355738,-0.39093333785377454,-2.4002961495113273,-1.164519988857667,1.0184242683352902,-1.256316890010899,-0.10616193850531941,1.81101016545926
-15.124664743524033,4.283550690514287,-6.700820046686707,-15.183184846992132,-0.9004066571396773,-6.335620352893405,16.059862544001927,8.529280567381573,-3.6219876761788234,8.555326279426543,-1.5957564469264038,3.5742892110377245,1.2339442238844618,-1.8948466434366784,-3.5753474915767915,0.25208969971619416,-5.230604987796382,6.431806970349276,1.681111941951003,1.430350965091645,-4.560985574370975,-1.038509846464362,-7.518431723113999,-3.7770294536182347,-0.8637751634886653,-2.6728550910200317,-0.3204358710241614,2.642462627338106,-0.43819117136587515,0.4089681123092643,1.6100555714045857,4.543601589624543,0.3360408538619597,-1.5867523301176405,2.90417639078984,2.5406712245568803,0.37227915482297635,-0.05363782264690926,-0.7779948077565444,-2.4533604852294926,-2.8210120575587148,-1.6750749253942327,1.550161885622805,-0.5411753608092071,-1.1418396360258751,-2.199910574726734,0.391592497285492,-5.3701064327464865,2.7631874264951755,-2.975755998112236,-0.9572504699843646,2.8820123329666187,1.5059625169939088,-1.424661787094915,3.66423497334118,1.162400327082055,1.9732083346778853,-0.9299480977710795,0.7106290493455295,-0.8575830426332639,-0.33026768406535767,-1.572018567387804,2.275879727288681,1.4018452379216255,-0.3394792048701817,-0.0029398883587903046,1.4563032115476573,1.6448134310751945,-3.3128793448391183,-1.7006471245009358,2.2088388950158175,2.5069911150753694,0.055132263731575655,-0.675327226986653,1.922332265689775,1.5163433519554645,-0.9463308540542444,0.04955136380026548,-0.8564333327587303,-1.0887977162321376,-0.6898577746141132,-0.9918955971676444,-1.9342655955155266,-0.7908793316759039,-1.1981724019595472,-2.8088219051616097,-1.1738702843878857,3.0574868695888666,-0.4683455114892976,0.9055447271082049,1.2000027776526212
-28.06519488614683,6.3990509280722545,-5.654960134305214,16.86984490592204,-21.175925177760366,7.187349201627578,-2.9018630715670612,-0.18247394257676883,1.3124363639252195,-1.8992410326900817,-8.288079993772362,-2.2013272740114065,-8.964328321697188,2.171003247055715,-3.610376011342953,-4.877459158010028,-2.027098269656892,0.3122718436068288,0.38064950883629955,3.5533425678341586,-0.20007614023142747,-3.8097219636327013,-0.3062590806819249,2.2383398548572413,2.544233840780272,2.091759246976217,-0.6587621916404887,-4.217022388620457,-2.4980207919572104,-2.551192719487906,-0.05692086211168462,0.14574899054591167,-2.634289003366055,0.7418764226397678,1.6672785876443976,1.5024502758621399,0.14449541969062552,-2.6398028681375543,-0.08995486664252261,1.26415451919659,-0.08328259504972318,1.127497020488084,-0.18359974036698234,1.2558783296986165,-0.5130993324224428,-0.2526067585124823,1.5183846656849633,1.7437103829127487,0.028762214795675034,-2.1424703774111737,0.37387732800912904,0.3349614479446498,0.15189688748707875,-0.5637733993151239,1.8872453656268995,1.399995149640848,0.7179490283187957,-0.6271145503969672,-1.5505385430900651,0.7485838757879028,2.04436012888327,0.7112631950078036,0.05751062791917955,0.19317108581114611,-1.6288943015855197,3.4743269254665754,-1.2312466657921601,-1.5085718583716161,0.3826842464749579,0.4696778931942961,-0.030931196588641297,-0.5298118824422076,0.6508208024102611,-0.29559861008344696,-0.4378577954410656,-0.5814634163487133,1.719050923457707,0.8398863762773946,0.1393140833622525,1.2976462641214528,0.9697993787862078,1.1368436412482854,0.020467909851580313,-0.3182953612722226,-0.01734728058778856,-2.2670368067758115,1.738224145507175,-0.0402707761713654,0.04874113620989706,1.1450077338090519,0.19298689842890546
34.384476026038264,24.704423699431217,-16.666916405486887,-4.181445281070644,10.7863054549246,-6.65459127989436,-4.173677373038016,1.1751280193769207,8.283538306583932,-3.0583951547111194,4.789104860130003,-4.045852823614712,3.7264757610950783,-6.889870951625246,-6.122957034019915,-2.533642367850828,-5.479713412740873,-5.9703676001137875,-2.4405475691203176,-3.09702005204642,0.3428033856312155,0.5731090214422889,0.5527206020706876,-1.1413744730658348,-3.0266158851454117,-5.865423925937578,4.162116605954523,2.5918254398018186,1.8255242669760956,4.642754926538436,3.4506834785916043,-3.2241171517152085,-0.2344561704257638,5.285949432178783,-2.618257730178243,5.805270936093077,-2.2921400154311105,1.164955945450182,0.4305085590784451,-0.4148027086929284,0.3019744922381149,2.5264898752718734,-0.4422132901570162,2.507328287786612,-0.9483514923101278,3.45888640865146,0.2088088898767133,-1.1102179742580058,-2.2224368864312414,1.7166185117525152,-0.4023650380210305,-3.922467085565686,2.580514725755329,-1.7807578711274101,2.189006866043349,-1.3733871731272005,0.07384498361140024,-1.624513879517517,-0.3323531735010392,0.4177486283695286,0.781637102126361,1.1934227399426602,0.5949331129068104,-0.18438902903978982,-1.1449929779275196,-0.5794459895030687,-2.103091427322845,0.9545811019426717,-1.5721119769636798,0.5209974691869009,-1.2242722962082113,1.557892967135376,0.9730385909597262,0.7745069033984293,-1.0340127860603727,0.6390510492471764,-0.8398940539033573,0.24596846710940967,-2.387466318533088,0.5413695246732879,-0.23248320786678184,-0.004572930118325019,0.0679586365500926,0.8282202636445024,-0.8779986919521041,1.5738462868617513,-0.12617411799039907,0.6435304399219764,-1.206118870821423,-0.5920605992491933,-1.7718144353373513
19.60710631640233,-16.024648501481686,-9.577863242908066,-4.319786062788001,6.348971844372043,-3.25549393206844,12.237808380485259,-7.923515756122746,6.071848397741168,-5.269122079201855,7.387309079447433,3.5124831495228173,2.157466040994147,4.408009924377213,4.852563007611347,2.8506192179429437,-1.2407359770282123,-1.0051249728794245,-3.9504145870295195,-1.0554313056537354,0.4931317857915089,2.4941121002394713,-0.7626352307200678,4.500150967000222,0.6599198148189922,2.1323046348798678,0.7988064461491939,1.1709736753427922,0.3665048007760384,0.53865730130589,3.7262292901407967,3.106862810294632,-2.6672486169456313,0.4406521141508834,0.8639183551623323,0.2601802535250614,-1.576190288472364,0.021009314508555144,0.5349652553947004,-3.0200206931100237,-0.016571608754102685,-0.03238013969233933,-0.20903214657641475,1.4638757834622207,1.3417787156013257,1.3079586250483433,4.6159460880078855,2.268246697815605,0.16623342839180827,1.0766530591588643,-0.15528868836197807,-0.35548809966615014,-0.3827151392460317,-0.7870394094467577,-1.318065880259799,0.44089129359653606,-2.6158689183770045,-0.5828352621456829,-2.0157713003171147,-0.5007659544938676,-1.5735011334198565,0.19495460487044147,0.2583960474381398,-0.7826847994130139,-0.3588407643237032,-0.14483760380283123,1.108310709532544,-1.6459166838413821,-2.8099801968634806,-0.7432005602743861,0.5650419708987032,-1.663084519928741,0.29442991625520626,0.08816100374511612,-0.7636806277850331,-0.19258229222931084,-0.7197143131741622,-2.8191797352912875,1.13792956759814,0.9101597877612099,0.6840094699133188,0.02565492174839723,-1.4518174934778998,-0.27071166964493176,-0.8670057473859673,-0.41696885282880464,0.6419217144717214,0.4120920042718569,0.3006808999217804,1.7797104599023468,0.8856669021014119
34.13384165071182,-8.5162490900181,13.581546298644847,18.16416485235479,-13.147894295378645,1.5281973188562965,-15.778940133499624,-3.864204488325961,2.043181850301269,-3.3203329625913556,-6.6315524931264775,-4.970884652575695,-1.6442278361150122,1.9957269861866962,-3.448854143500862,-1.3293709880299844,5.557126752651133,-0.08802814430650574,5.3849205986275726,1.318086063282534,5.414329710617963,-5.389999554222109,-1.577207848962832,-2.3428919152317405,2.1184415793013724,1.9270467412494245,-6.124399823541202,-2.2140468010714263,0.8633788384449697,2.811071024333064,-0.6057113515455925,-0.04955726843961694,1.1126602629399809,-1.7384896047555058,4.412872218609435,0.8956991837341254,2.533602199869645,-0.6698237831504882,-0.6183279507034094,1.4786645545560413,-2.0979140072472453,-1.7068235217816852,-2.0232758193566958,-0.050917929272325746,-0.6956270589290161,-0.32204101980082944,4.551229220765892,-1.1643210295852324,1.5553967981877208,0.4448928313673268,1.8220244953690452,1.4642025070888434,-0.4946539779650826,-1.5516149748716133,2.065138521559488,-3.326429474353583,2.7069815966992126,0.739238539936434,-0.6497471464058139,2.262265694656593,-0.7653015966444137,-0.016280161252799283,-0.676382703036744,-2.754642613064343,1.1143050955677096,-0.9314795448587025,0.5202721631313577,1.6381219553539101,-1.2389272195902876,0.1863690050544009,0.7165042267232458,-1.0809551265178197,-0.4252777023444406,-1.9796015774334048,-0.07937769135974067,-0.05936727150081644,0.23095881606169782,-0.7593725629017845,1.206585367100503,-1.9869736010124952,0.40886484179203075,-0.502610064141279,0.33680425927247926,-0.572309570339,-0.4080266852992128,-2.7686863893033964,-1.0499730422979152,0.0673376822305913,0.35030637485251725,-2.7568904423997473,-1.2683402051749737
18.17291278652456,-14.223701404869097,0.8665664477626491,-9.314358648120745,7.499458347941858,-10.346093133525201,12.222452251143928,-3.3664609772590746,-1.408552480623711,1.5199999197631322,1.2451110275122161,-1.969297493150842,4.493895977118974,-0.6989711040506237,-1.346023929756931,-1.471086721548265,-0.673750927006733,-0.8868937933143717,-0.8700765714034855,-2.1329278258416,-2.9630417670701252,-3.6035384911401147,2.402493216774632,3.046276311140433,2.553076794533844,2.3034291055115554,1.2818132958671042,-3.446333532295015,-0.8474154397470348,3.353040938398195,0.9191107494469399,-1.4557109115697697,-0.29466246455576706,1.0021660611706102,0.627355941630048,1.635084550046455,-0.2716469651168627,-0.03373987688714909,0.09651520789451273,-3.06128331225044,0.3454872114061383,0.004560363473756768,-1.6132790030078314,0.40642589207060614,0.2709396237195778,-0.6231295563731752,-1.5155022081172327,0.9615832406224329,-0.340953867406501,-0.04541514254864071,3.073583999964631,0.6234207235018853,-1.6129935303270113,1.2345288595863255,-0.4684485166422449,-0.15925839397518726,-1.3993042298301401,-0.9477188667033726,0.438610712269671,-1.8250914477197064,-0.43451027993779845,-0.39989943499736197,-0.20023591735296678,-2.846271669146877,-1.897127756497026,-1.074993895090988,-0.20483248994980485,-1.6431183445676278,0.18612292897739344,0.6616207886614232,-1.262117869081042,-0.5735960575647346,-1.9801837012411787,0.37323510341357835,-0.4216764428647146,0.08623231076875759,-0.934935492577287,-1.0378788612014085,0.48828193415895205,0.05697281051799381,-0.20337673936277534,0.6847426365341862,-0.8322938387625474,0.6911478398635463,0.8490766559315921,-0.017013905421959796,0.1520539703122225,0.0843420915074321,0.12233852586216165,0.9576727821127403,0.26632741761376405
22.628770839740596,-9.00227101246229,1.6770945262955974,-3.522061537188897,1.910504816596654,-11.87677303017074,8.786780571290464,-3.5496151698938063,4.132769079158149,0.8038811595442548,1.9372603941096251,-0.33476059340686104,4.770586769021034,0.3462294529600939,-4.688603273520611,-3.6013243209689327,1.3352421698105084,0.6769657076657959,-2.8543681788412387,-3.0606102315164283,2.3484585553513235,-3.994152725307948,-0.8370998031762176,-2.382306707674396,1.7874496543621905,-1.227514394874828,1.7655712461862627,0.13911917818363417,1.162301960025264,-1.3964025061822114,1.34736442192573,-0.20941083471962896,2.23922591288145,0.8189158155145432,-2.1701709677401597,-1.2780360128840427,0.8068239693320376,-0.23884281103646765,1.569144793724176,-1.262846529565445,1.872800821821569,0.08706498201734958,1.3254629319890168,-0.06207831438812983,-0.5276478618645699,-1.4904370834619074,-0.3447894443703692,1.655786576030133,-0.864408906465721,-0.05863160694220608,0.25347569288030103,1.005940857364257,0.7694645372218685,2.4016902669805202,-2.314196361877005,0.08044088575729644,-1.4580073829883882,-1.1839453709767633,0.302452373074676,-0.5958722107588137,-0.39088680148709254,-0.6627065721429687,-0.15320224173054175,0.1851771836087989,-1.1462653700738663,-0.14870148453548804,1.4037626735039106,-0.6519471840914945,-1.2415695437030823,0.4396106004106948,-0.8405863242174136,-0.6089776324030042,-0.6080722360538247,0.5520115481228174,0.8480033136762692,0.012028163527640162,-0.5885636330002688,-0.5883912143012642,-0.9205549193113415,-0.20804208652825246,-0.550722741230508,1.245787453678416,0.33013750921221174,0.8398903875321806,0.9107277647037737,0.2775452798841879,0.09974172162805328,-1.0909244334838406,0.6442801018375336,-0.007799765222541305,0.12518842115722773
-21.892123551911002,-16.835517232595496,4.96604631713286,1.6437859231251384,-6.188430410389846,17.039568750233226,-3.557224250967254,-10.090081935904777,9.303351331834957,3.613612760045817,-5.819271992663295,-7.345964631529864,-7.646061269783082,1.1057164630035041,-6.537628839243366,-0.695164838217566,-2.056455968965377,-4.590316902670905,-4.517678717728001,-7.535381415498224,1.7071988174833914,-0.28932735019906186,-0.4644675578597117,1.0497383689820348,-0.6368562405306613,1.0094441719857064,-4.048023244302136,-0.4163781006298925,0.039907020336888754,-2.72206296210522,-2.7140033033606703,-4.673088074844819,-5.621297842681807,3.8724818399531857,0.807985012274915,4.900685393728633,-0.15712964898885629,-3.9046173353787164,5.3017070316738275,-0.15244188764099342,2.034186656269377,-2.388739861106979,-0.9072739226587558,-0.39876105087964364,-0.6366998008112505,0.7564974844603766,0.34790992751072525,0.442911745229847,-0.14945555333485583,-1.791961245338177,-0.6345864724658585,0.09214062568567027,0.4828934431342347,-0.25797099088204256,-0.7302580644129051,2.3341868915240624,-0.787332098717975,-0.5418357979610522,-0.0916204933105419,-0.9452271219947904,-0.9646240981323381,-1.8371631704191609,0.4602217714326166,-0.5463744961277301,0.4146709928412967,0.1698169833597175,-0.7760515631873228,0.029848912880227327,-1.316240143620375,0.18912409222243765,1.7042900790728865,1.2741173947838151,-1.171781757432206,0.7870103315277812,-0.2571766335088489,-2.017116115840286,1.0452368668849341,-0.1649874742147469,-1.7350245752469124,0.1324247144205156,-1.1793121092137326,1.0647872822563218,0.3657782774433199,0.728855988734679,-1.4091927562225346,0.18404672919614173,-0.03293080947245511,-0.7061467996308942,0.33486762534187575,-1.013901848928464,-1.3208133290028345
-39.6460276021081,2.8092339593734845,-3.222849217637532,7.899845937794818,6.285735322073109,-8.754424797011854,2.943424452785955,9.103857280224917,1.2295975945627373,4.594994038700531,-2.471840373578083,1.09021618615267,8.751753334926759,12.124862260756688,5.868839638707873,5.072289664121685,0.8530903950617197,-3.613875391934944,1.1911204750110025,2.413323443316754,4.114706781313155,2.0035345256650285,-1.7608169260721884,3.0526603856355665,2.926666657887971,-2.2513356394400423,2.0463281096436954,3.196603338351195,-0.40143905110261513,-5.345966228933073,4.800409676036237,4.183908254258043,1.6103269617054983,0.5403018383370118,-2.6834887947740187,-3.4592527310205643,1.4792513664536555,0.8213694706664327,-3.4104768218147155,-2.7259024152862272,2.59345320171151,0.9610138971816025,-3.4465026542274777,-1.052668769301432,4.0280603406663,-0.02551245836473895,2.399701650759038,0.574505402798164,2.354332135285274,4.059364798792432,-0.10915270927150106,0.42934481427474047,-2.333431426374497,1.037195451157915,2.156891063068997,-1.4889413612727627,2.4473444388859766,2.510481911582749,1.2761347070943305,0.20716046505367267,-0.7928456684419246,1.35618708289797,0.0707862170476301,-0.4629395949584307,-2.7777269374581834,-0.13798223969555568,-0.4785687741133904,0.4359849993618905,-0.910996621015312,-0.9446588519188288,0.15370938309544396,-1.9602873277248263,0.12431138156394969,-2.2775031450344487,1.5757274802207129,-1.3487335781424297,0.3059625333964317,0.8743867062254624,1.1444628255458995,0.7582615293175019,0.8340587237160566,-1.9423341288436884,2.7625360657210196,1.9915062555985799,-1.7795399465111887,-0.07605419188021273,-1.0905221325065289,-0.3418808122401288,0.4317006784351089,-1.662190757008098,1.7592071239101528
21.343868402221005,-21.61480737277148,19.857268142809463,-3.0099144496405446,3.8698057849843575,-7.469142326098494,3.953338895797768,-10.09679601492446,-3.1326237397187926,7.851126190014964,-3.5673242480782927,-2.861680157395248,6.93863506565591,5.219872319819853,0.8749037417349477,-0.2724156750332769,5.062130341729128,5.518368249456509,2.9989255219799436,-6.228601429689196,5.001580396622134,-11.722240468341104,0.3885152829197015,-1.6152680878888983,5.858683743519781,-0.2547259294096344,-0.16566005404684347,-2.0035627322996885,2.1510391154367534,2.804668191523231,1.2110885665313322,-0.4444220515528071,3.0011314368669755,-1.924787815047194,0.7840511942232213,2.1737652769372526,0.7937264016549435,-2.4432776646207905,3.2492878794980373,0.9201005637203459,0.09966964872840078,1.292904025068796,-0.0868530763316156,-1.9397755283818532,0.4978906078517784,-0.8598923252637569,1.8945156566635708,0.6226230611648906,0.1569735528933628,-1.8352950064556288,-0.052048491175405734,-1.7386190599713678,0.6910640477265533,1.7677009382613076,0.7420370865932081,-0.42605659466845003,-0.8066947353570062,-1.7913581918057138,-0.2390210722915838,0.25746092394835385,-0.8214498856210576,-0.5855949831319047,-0.5562524719575774,0.6557970808585313,0.13539356846315115,0.18233213277229143,1.7803020215551264,0.3655997843921117,0.8996473279412072,0.5946826661507321,-0.792742585675489,-0.16602477690876366,-1.5914752979052125,-1.9041464311033902,-1.3858851333503213,0.8328350392883012,0.40903958868279044,-0.2791196749044217,-0.1875670287475984,-0.9253151293759013,-0.15836647949116806,0.6337090793220974,0.04290277523601465,0.7327752332987408,0.349619413843531,0.38255100442861345,0.2671686909019306,0.09586730252499548,0.5031508460633869,1.2957002370067248,-0.2829521334575784
14.939182141600586,-19.06184155516893,-3.1440522955641255,-15.561347726103877,15.604700089024085,-5.742445949204869,10.91755089100688,2.2437765688893743,1.2688103835482296,4.957037872363197,8.270358484776718,0.609378676499163,4.673868224480672,-4.811270403001718,1.3373977626921842,-2.45206159232462,-2.024616061909469,0.4227012665757256,-3.3043471366656236,-6.764821553950625,4.037424499114998,-3.90463976980091,-3.1102228731640875,-4.0955723433641,-0.22224108442420293,1.2917720473894416,1.154481634021896,-3.261198818879775,2.4838545121171007,0.036551529204412125,-1.5348978820943748,-0.021082531235765978,1.0669438161971447,-0.35402761625053036,1.822282038744488,4.73528522132863,-2.807742143849138,-0.008637482206916514,1.105025754365497,-0.39176904223227094,2.392396036623666,1.0312359494049212,-0.39213313553271983,2.5691083869724665,2.1318898041935075,1.4908029905964033,1.418691211103914,0.12594411934228214,0.34980133516591705,-1.0487743175668651,-1.5158276096859198,-2.4639256461108743,-1.7867374653920984,1.1093589018920773,-0.6113742123967734,-0.08666509303816455,0.6437425013067353,-0.3303716651057376,-1.4661283926409017,-0.5694194579857178,0.8580603886737395,0.4715058557989185,0.41521840230981544,1.2429984056280556,0.38700211610321045,2.5811132094867477,-1.695381931797798,0.16509073090715604,1.7259731752568568,-1.5461770028028128,0.20136601726852957,-1.6880308087860196,1.6487952775103436,-0.23934364075897752,-1.3337378529438237,0.9596871911580326,0.33206244636840565,0.47066620605141407,-1.0670617916939102,1.2208443755886085,-0.01097151377943717,2.0057129754543475,0.9150532906121885,-0.7052036181473365,-0.5411307819445932,-0.05850875625876201,0.4845957230104757,-1.8988316534978926,0.7236969556825561,-0.33232131928321373,-0.5540347030104109
22.955686526612766,-37.38137300204861,34.043892067424295,4.689862530713887,9.975059260433596,40.95060616797284,-5.129250850386086,2.5808757039056767,-0.2742060045911012,10.541271393845296,-1.5500899272158037,0.7500392638972988,-13.406894229488817,-2.989779740718229,11.046793325304892,3.3737609868314786,3.9321886551262586,20.403720071891588,5.31417683576137,11.107278561328917,-1.648151782129221,9.133420945250712,-4.673431654260143,2.5427124633235656,-10.100599570725253,-15.227202261993304,1.3620156267575179,0.9145481466872225,-7.948705854650002,8.308465888379189,-4.910411523185754,-10.963138320437796,14.815434649227488,-0.9111294918780972,-3.9044192010258536,1.9827588557379459,6.287833568944423,1.551077045359021,0.5099560755897123,0.6786118641867991,-2.1591724089594218,0.7157604911928132,3.913599235861778,3.951604052192341,-1.127948350769668,0.2589278283772245,-5.366010047351879,-1.8937810054377222,-7.510046016577746,-0.2953490366038603,-5.47954343069848,3.0796175699419,-1.0145480419863606,0.14717538483498288,-0.8646967843756117,-0.24122597722902728,2.180587211301616,3.079108279817221,8.852170710338953,-4.751271970296062,1.7640420789941607,1.9452384497031514,0.18547063045911472,5.70183630632087,-5.10749153998294,-0.5223934995250995,6.234692485990514,1.9886239341816754,-0.9678293480410357,1.9214076903131014,-1.1486410885681695,0.5659578371053874,7.2792669797730865,1.5535911287729267,3.3612131405709675,2.1482361682759206,-3.1630011688592,0.06427632475152623,1.3541199966192927,-1.0480944514507804,1.4998293305025534,2.7112776672511285,-1.701197948699981,-3.975144916744161,-1.5001587424761111,0.5565471324759053,0.16829178883761797,-2.7710398780333225,-0.7076524893890435,-0.09005186852490255,-0.4847593321601347
-32.22762792530306,0.11409061076945992,67.5745041087675,28.966687414515846,17.294618417627003,25.12017301055812,15.089318913657367,-5.518391716314695,-11.465835499713574,-5.424563887570864,15.407503516044677,3.720504414969598,25.617670919372703,-9.757815955528232,3.515774758541865,-12.545925869287123,0.51604778417908,3.4951911333054757,2.2454090208701833,-8.857683998874593,-7.833248819013879,8.462062806148793,-7.909408970260516,-0.28081608874616304,6.098949971431953,-6.216565228529771,-3.0123034984089134,5.0239110230680035,-1.4954349938500604,-3.0467430409969207,2.3689952550145588,-10.95254788703409,0.12734729316460025,-1.132948448720126,2.874354587236745,-5.384777571037618,-3.050085928747638,4.49322325316428,-5.701781383350622,-0.04311459462393974,-0.815160341665088,-5.133602274453618,5.651994519731667,-2.9211001342106195,5.243778032410616,-2.872997927080408,6.51212363157332,1.1010359432219112,-1.6089271396887437,-1.6480196901629682,-0.48554914781738684,-7.185275972201563,0.11032521785563731,1.5162488003226962,0.9334156234917708,1.794668767524199,4.873928489415554,0.40597939181248804,-4.496011672436509,1.4781884335162383,-8.230179171974001,-1.3553417481733403,0.6003986690319314,-3.0977272496657977,9.005159143597933,-2.9028625875453944,2.064698142523952,0.5864032950535255,-2.319106353051058,0.34971198582719154,2.18734547529138,4.016572391220864,2.7080286782916545,-7.236185826982589,-0.36279734140616937,-0.5970818943238833,0.8485495435494526,2.3353933907386044,2.219311790756391,4.169787904593334,-4.437951871164281,-1.2720949990341779,-5.131873756571783,-3.171797402313321,-1.0962281359431287,0.2931274787182526,-0.5589333606224152,-2.352748088801796,-3.1432073591568006,3.644333157543155,0.07362700261214891
-35.55364835749584,38.498940146779645,5.92330473877246,10.189621155047568,4.987530325914526,-13.433439243536057,-1.1508781872171614,1.6314751753401735,3.302088687369999,1.1445874264010831,0.05028791386690079,-8.183967490916315,-10.482932349646724,1.1473811067535864,14.72411038834788,-6.177428088733128,4.810357263164451,4.213092007446377,-1.8353559674534072,3.7345403344969514,6.662899873815439,2.137213821242508,6.894496878293471,1.092365733826305,-1.9300227254411746,-1.3876541531924338,-1.1087227803747346,-0.6717948917579948,1.240607116281076,-0.6791254651354104,-1.3954931932283556,2.8662633498102545,2.5486608095349657,1.2853823199317185,1.8926486387498782,2.3878867309793526,-7.894613583200543,1.6598627477151509,0.991418274585316,-0.5755205291342024,2.3742499847162097,1.9052842178935294,-3.8499754836647146,-0.02316325023245147,-2.8768318956885954,1.858247787321868,-4.795412904817958,1.5583319420197816,1.5565496655546145,0.4121220504669456,-0.9701695197876901,-0.1862838238296583,0.3573712150054442,-0.8252279229085525,0.32202330861474077,1.0165164578218473,-1.4730678936648105,2.7702153240088014,-0.9263015246277153,-3.9989520761055193,2.117303430994439,-3.191626408359568,2.873231817418659,-0.563956706818105,-1.8598865522776906,0.3184387696939074,0.5455219108242799,-1.9634276497377774,-0.9347396464543487,-0.3853021409402799,-0.4882726703641693,1.5097990394491518,-1.7858516681186178,-0.780037079365753,-0.7002250236633638,0.7936693926273696,1.6783935725288064,0.7258200653683298,0.8996712432862766,-1.1446822287918088,1.2757721865469085,-1.3024673437311431,-0.4149618629953141,-0.24207925067678743,-1.8101471347442033,-1.9564995898582416,1.216603282748641,0.42982574290971604,-0.8121763371602146,-0.3570363865719196,1.4450024683990477
26.334282888034867,-1.3819201595607802,-3.630685510609939,-1.5162503647101304,3.7080600078276755,-7.797883160434505,5.910617787404752,-2.5882510466257416,5.500257571426296,3.605939985358737,3.3978424125429383,1.0440082436044194,4.42461573612095,-2.5674530736822976,0.4169995976746006,-4.1077569222044295,-1.781763745948349,-0.32291219986568104,-3.715184429177571,-1.634797846288638,1.54246163700667,-4.3246891340113125,-2.488847694063054,-6.0409917833970415,1.7955179694912884,-7.110872843307636,-1.738517815040682,-1.2832053780643573,2.8102886130010325,0.1731760252023474,1.9159406158721073,3.258036593963621,-0.47249328854581996,-2.4475886468364223,-1.1878543457201305,2.9797082014357237,0.8619002116961224,0.5181007192509675,0.38211609576687366,-0.7986463397727792,2.561607386209299,-0.3432933136438542,0.029233298148907107,1.8854142436889632,-0.6309885989967678,1.8567066375604093,-0.0629271255971981,1.9617724687212434,-1.8921314215189253,-2.499001161872634,-2.0352714435102146,0.08596139181367485,1.706142601761746,3.592709910735066,-0.5614398568740468,2.72579477323256,-1.2697562185037987,2.260221148146371,0.4236073777505392,0.5192395613557472,-0.6817752693536845,0.4179759739238051,0.23373479050253565,0.06401735146148164,1.5969364177999097,0.2273971273968297,0.6635857274173128,3.2988749098211327,0.3709047876737752,0.1721221990915479,1.8641792562131665,0.47685957803978585,-0.7154776701282402,-0.38447761104863226,0.28506549729066866,-0.04364182982369458,1.41374784302017,2.722495600772958,-0.899163673911862,0.4498105055433632,-0.017209116633812617,1.3769910579637759,0.7974923498797222,0.7994135940666546,-1.5530732468058106,-1.6726942111113758,0.9871610484841552,-0.8050285269278954,0.16263283301549944,-0.9740883044370807,0.7890385981865883
-26.990854596365494,-5.02732236975774,-16.123537970719656,-0.8896330110257757,2.799500431651787,4.790890431368261,1.2495343305904847,5.913247584269687,7.5337069802332115,-6.418154442903363,0.4605483477635953,5.787970674567522,-11.031641144300885,6.554342173593455,-0.3978985753130682,-2.6718357383038627,-1.5704466783175914,4.901228812301461,-1.41851425406095,3.6399825880856267,-2.3453323156546215,-2.3186908499378145,6.463385951129555,-3.611875534085313,1.1227621052874706,-0.703940615224195,-1.2906473437533696,1.1810909664049423,2.1374801492652327,1.715258438574092,4.00225282919819,3.758218694874851,-0.8440970692741477,3.3981243362550657,1.9249675599937697,-4.581130152536641,0.2906112701217838,0.512879952735158,-0.6373786410424144,-0.16263845333458404,-3.435327794312453,-0.9934628519245547,-0.3737046703963128,-0.20706137774151723,-2.8237930756698817,-2.3097985242372148,-0.7454047846190365,-1.2205009590654996,0.24509929667195574,-2.041510405326441,2.525813434631223,-0.14949964062688298,-0.35227040912560986,1.870315471084684,1.4455711834568885,0.863765580830268,-0.09461066806700374,1.5332765525154104,-1.1364059783478775,0.9031340798455272,-1.951939868006165,1.7253987712112622,-1.6806582559309302,0.22729006449170056,-0.007883059374312384,-0.8222832725162611,0.3399517504826972,-2.3031188049071836,0.9210339741999662,-0.02278799356942246,0.5944952059701891,1.3997442075832973,1.7263749436425293,1.6353867799433506,-0.06388836358091937,0.3910885739608257,-1.374181824769198,0.04961596496187903,0.5618237707680084,-0.7352137657303315,0.1674816753058408,0.4611937901876657,-1.2498159612042052,0.44265291673658846,1.2524817787360467,-0.3471034948268312,-0.6171906962385734,-0.175627830575046,-1.5554947123156264,0.07394448680388854,-2.003817183766295
